second,messages,latency_p50_ms,latency_p95_ms,latency_max_ms
0,197,1104,1450,1495
1,197,1931,2278,2320
2,200,2723,3111,3160
3,106,3238,3269,3289
4,103,3176,3211,3244
5,101,3061,3111,3124
6,101,3006,3041,3055
7,100,2840,2950,2960
8,102,2737,2845,2876
9,100,2614,2749,2773
10,103,2505,2642,2654
11,100,2406,2550,2569
12,105,2402,2661,2836
13,99,2291,2429,2500
14,77,2233,2342,2357
15,102,2202,2346,2375
16,102,2235,2346,2368
17,102,2962,3501,3559
18,101,3637,3755,3803
19,102,3646,3746,3769
20,101,4015,4255,4300
21,104,3942,4082,4106
22,102,3852,3972,3994
23,101,3775,3892,3919
24,103,3758,3874,3891
25,100,3665,3823,3840
26,102,3653,3818,3840
27,96,3479,3612,3632
28,113,3437,3581,3614
29,93,3317,3472,3494
30,107,3265,3392,3402
31,121,3253,3386,3466
32,81,3101,3257,3281
33,106,3017,3116,3136
34,101,2900,3042,3059
35,103,2841,2961,2992
36,101,2744,2852,2873
37,103,2648,2766,2787
38,63,2638,2708,2720
39,104,2543,2646,2666
40,102,2457,2558,2587
41,103,2344,2437,2472
42,108,2250,2353,2687
43,94,2139,2248,2282
44,101,2040,2138,2164
45,102,1968,2118,2136
46,103,1988,2086,2123
47,101,1923,2029,2047
48,101,1879,1979,1991
49,101,1801,1909,1948
50,106,1764,1884,1902
51,100,1682,1788,1815
52,102,1646,1772,1792
53,103,1835,1937,1971
54,100,1754,1876,1894
55,103,1664,1768,1794
56,100,1557,1665,1703
57,103,1436,1548,1581
58,105,1338,1439,1459
59,98,1265,1359,1385
60,101,1116,1220,1258
61,104,1027,1135,1161
62,102,931,1034,1064
63,103,840,943,977
64,102,738,840,880
65,101,801,915,932
66,102,793,903,924
67,103,795,906,934
68,105,1076,1170,1202
69,99,1037,1310,1334
70,104,866,975,1016
71,101,808,913,945
72,116,1146,1548,1701
73,85,1051,1149,1195
74,103,921,1059,1076
75,102,853,993,1009
76,97,796,932,956
77,82,870,991,1017
78,103,962,1417,1468
79,100,1642,1899,1920
80,102,1788,1915,1931
81,101,1800,1918,1931
82,102,1830,1946,1963
83,104,1847,1961,1984
84,106,1768,1888,1942
85,98,1720,1892,1916
86,103,1570,1688,1712
87,98,1427,1554,1574
88,105,1305,1421,1454
89,103,1213,1328,1349
90,101,1186,1285,1321
91,102,1093,1194,1215
92,102,1009,1109,1123
93,103,932,1033,1065
94,99,866,967,992
95,101,795,888,915
96,105,799,907,949
97,100,766,876,907
98,104,787,903,950
99,103,773,874,901
100,99,871,1053,1086
101,103,836,945,976
102,99,914,1095,1143
103,102,915,1027,1066
104,104,848,968,989
105,95,814,965,1019
106,108,761,893,925
107,88,689,892,944
108,112,760,886,906
109,103,754,912,951
110,98,770,901,916
111,100,763,905,940
112,103,762,900,926
113,100,734,848,870
114,85,718,838,875
115,103,747,852,866
116,103,724,843,873
117,90,719,840,860
118,111,795,922,964
119,28,780,840,844
