second,cloud_messages,records_depot0,records_depot1,records_depot2,records_depot3
3,16,902,863,821,867
4,4,99,138,180,133
5,4,3,3,7,5
6,4,10,5,13,10
7,4,12,16,13,15
8,4,12,15,22,20
9,4,20,18,20,31
10,4,19,26,25,31
11,4,30,27,34,44
12,4,38,37,40,46
13,4,51,52,49,59
14,4,54,49,45,64
15,4,58,53,53,54
16,4,56,55,53,62
17,4,49,52,55,53
18,4,62,54,59,67
19,4,50,57,64,60
20,4,57,58,67,68
21,4,58,63,61,64
22,4,57,72,60,64
23,4,49,64,70,69
24,4,42,63,64,69
25,4,52,66,70,70
26,4,61,65,69,56
27,4,55,61,53,65
28,4,53,73,77,82
29,4,61,65,69,65
30,4,68,70,68,72
31,4,62,79,79,71
32,4,66,70,86,78
33,8,407,432,391,396
34,4,187,163,229,214
35,4,58,64,71,72
36,4,70,64,78,71
37,4,64,65,81,84
38,4,73,59,81,72
39,4,61,64,69,88
40,4,72,61,92,71
41,4,68,70,80,88
42,3,87,0,98,93
43,3,78,0,97,90
44,3,78,0,89,106
45,3,78,0,100,91
46,3,76,0,80,96
47,3,84,0,106,97
48,3,86,0,90,116
49,3,90,0,84,114
50,3,80,0,99,106
51,3,81,0,101,94
52,3,100,0,106,116
53,3,76,0,105,105
54,3,90,0,94,102
55,3,75,0,86,92
56,3,83,0,94,93
57,3,90,0,89,105
58,3,86,0,108,101
59,3,91,0,90,115
60,3,98,0,83,92
61,3,81,0,108,94
62,3,85,0,95,121
63,7,222,904,220,200
64,4,148,132,156,171
65,4,79,49,92,93
66,4,86,53,116,97
67,4,73,57,90,91
68,4,80,55,89,98
69,4,75,70,91,117
70,4,91,67,86,112
71,4,88,81,91,120
72,4,89,78,97,111
73,4,75,74,112,121
74,4,102,73,107,99
75,4,84,82,106,107
76,4,93,87,82,96
77,4,96,84,84,110
78,4,105,77,103,108
79,4,93,85,91,99
80,4,101,93,86,111
81,4,89,103,95,109
82,4,91,106,76,113
83,4,83,85,82,109
84,4,93,106,97,119
85,4,89,111,90,107
86,4,89,100,84,97
87,4,86,101,89,116
88,4,98,87,100,115
89,4,89,85,94,105
90,4,93,90,89,109
91,4,96,104,106,95
92,4,85,84,100,108
93,5,136,353,159,141
94,4,122,130,137,129
95,4,92,86,92,91
96,4,89,83,93,106
97,4,81,83,100,90
98,4,87,79,104,91
99,4,91,85,92,95
100,4,100,80,91,95
101,4,92,86,103,87
102,4,92,101,116,106
103,4,90,97,93,99
104,4,105,88,101,95
105,4,97,97,112,103
106,4,87,91,99,75
107,4,97,91,101,91
108,4,100,109,119,107
109,4,87,97,112,94
110,4,105,96,111,97
111,4,83,108,107,98
112,4,88,98,98,108
113,4,107,96,96,103
114,4,95,95,110,94
115,4,108,94,107,97
116,4,90,89,103,102
117,4,102,108,102,94
118,4,101,95,100,93
119,4,105,98,115,115
120,4,92,78,92,104
121,4,85,96,99,111
122,4,66,37,64,93
