second,upstream_messages
2,105
3,197
4,197
5,197
6,200
7,196
8,197
9,200
10,197
11,197
12,200
13,197
14,200
15,197
16,200
17,197
18,200
19,197
20,200
21,199
22,198
23,197
24,200
25,198
26,200
27,200
28,199
29,200
30,195
31,200
32,200
33,200
34,200
35,189
36,200
37,200
38,200
39,200
40,200
41,200
42,200
43,200
44,194
45,200
46,200
47,195
48,197
49,200
50,189
51,200
52,200
53,200
54,200
55,200
56,200
57,188
58,200
59,200
60,197
61,200
62,196
63,200
64,197
65,200
66,193
67,200
68,200
69,200
70,195
71,199
72,200
73,200
74,200
75,189
76,200
77,199
78,200
79,200
80,200
81,200
82,200
83,200
84,200
85,200
86,200
87,195
88,200
89,200
90,189
91,200
92,200
93,200
94,200
95,200
96,200
97,197
98,193
99,200
100,197
101,200
102,193
103,200
104,200
105,200
106,195
107,189
108,200
109,199
110,200
111,196
112,200
113,200
114,200
115,191
116,200
117,200
118,200
119,200
120,195
121,200
122,89
